Name,Last Name,Email,Address,Additional Note,Phone No,Donation Amount,Payment Type,Payment Mode,Transaction ID,Transaction Date,Currency,Cycle Type,Number Of Cycle,Transaction Status,Card Number,Card Type,Subscribe Id
Anuj,Chauhan,anuj.chauhan@sparxitsolutions.com,xzvxczvxczvxzcv,vdxzvvxczvxcvxcvcxvcv,8505892545,1452,Paypal,,5D0150443X600881U,2014-12-05,USD,NA,NA,Completed,NA,NA,
Rahul ,Sharma,anuj.chauhan@sparxitsolutions.com,ckjgvkldjfkldjfkl,lkwajdfsdajfklsjflkdjfkldj,8505892545,10,Reccuring,,06698900FG7924733,2014-12-05,USD,Weekly_donation_reccuring,3,Completed,NA,NA,I-9P70M41W5XET
Asdsad,Sadadsds,anuj.chauhan@sparxitsolutions.com,sadfdsafdsa,fsdafdsafdsfdsfdff,8505892545,10,Credit card,,0H581862DR5602602,2014-12-05,USD,NA,NA,Completed,4987654321098770,VISA,
Asdsad,Sadasdsadasd,dzsdad@gmail.com,fdgfdgdf,gfdgfgfgfgfdgff,8505892545,1452,Credit card,,805665484X9084137,2014-12-05,USD,NA,NA,Completed,4987654321098770,VISA,
Anuj,Chauhan,anuj.chauhan@sparxitsolutions.com,"A-2 sparx it solutions pvt lmt ","this is donation for testing ",8505892545,16.00,Reccuring,,0E198026CV366514J,2015-05-22,USD,Donation,4,Completed,NA,NA,I-6PK3FUKS8HBW
Anuj,,anuj.chauhan@sparxitsolutions.com,"A-2 sparx it solutions pvt lmt ","this is new to held upon you",8505892545,10,"Credit card",,7RS86842YG819994U,2015-05-22,USD,NA,NA,Completed,5123456789012346,MasterCard,
Fgfgfg,Fgfgfg,anuj.chauhan@sparxitsolutions.com,dgffg,fgfgfg,8505892545,10,"Banking Transfer",,NA,2015-05-27,USD,NA,NA,Pending,NA,NA,
Dfdffdfd,Fdfdfdfd,anuj.chauhan@sparxitsolutions.com,dfdfdf,dfdfdfdf,8505892545,10,"Banking Transfer",,NA,2015-05-27,USD,NA,NA,Pending,NA,NA,
Sdsdsd,,anuj.chauhan@sparxitsolutions.com,A2,dfdfdfdfdf,8505892545,10,"Credit card",,3P317627UB797930K,2015-05-27,USD,NA,NA,Completed,4987654321098769,VISA,
Sdsdsd,Sdsdsds,anuj.chauhan@sparxitsolutions.com,A2,fdfdfdfdf,8505892545,22,"Banking Transfer",,NA,2015-05-27,USD,NA,NA,Pending,NA,NA,
Daljee,Sharma,anuj.chauhan@sparxitsolutions.com,"A2 sparx it solutiosn ",kdklfjkdflgjklfjgfg,8505892545,18,"Banking Transfer",,NA,2015-05-27,USD,NA,NA,Pending,NA,NA,
Jatveeru,Chauhan,anuj.chauhan@sparxitsolutions.com,"A2 sparx it solutions pvt lmt ",Anakjdksjdsdsds,8505892545,14.00,Paypal,,25E06610B0593134R,2015-05-27,USD,NA,NA,Completed,NA,NA,
Anuj,,anuj.chauhan@sparxitsolutions.com,"A2 sparx it solutions ","A2 ",8505892545,18,"Credit card",,9H6915070N878684E,2015-06-02,USD,NA,NA,Completed,4987654321098769,VISA,
Vijay,Dinanath,vijay@gmail.com,A2,sparx,8856123412,10.00,Reccuring,,4X205117JC6317330,2015-06-11,USD,Donation,2,Completed,NA,NA,I-WPX0FVKH07CT
Anuj,Chauhan,anuj@gmail.com,"This is test to you ","this is going a day ",8505892545,10,"Credit card",,7DP44738E9831143V,2015-10-05,USD,NA,NA,Completed,4111111111111111,VISA,
Anuj,Chauhan,anuj.chauhan@sparxitsolutions.com,"A2 anuj chauhan house ",,,100000,"Credit card",,ch_16sVp6LVVYG8bw46cSHt6MFC,2015-10-05,USD,NA,NA,Completed,4111111111111111,VISA,
Anuj,Chauhan,anuj.chauhan@sparxitsolutions.com,"A2 the sparx it solutions ",,8505892545,10000,"Credit card",,ch_16sVxFLVVYG8bw46h0lCZunY,2015-10-05,USD,NA,NA,Completed,4111111111111111,VISA,
Negi,Nhi,anuj.chauhan@sparxitsolutions.com,"A2 sparx it solutions ",,8505892545,10000,"Credit card",,ch_16sW4ULVVYG8bw46442ukKvU,2015-10-05,USD,NA,NA,Completed,4111111111111111,VISA,
Anuj,Chauhan,anuj.chauhan@sparxitsolutions.com,"A2 sparx ",,8505892545,10000,"Credit card",,ch_16sW7ELVVYG8bw46FsY43CHi,2015-10-05,USD,NA,NA,Completed,4111111111111111,VISA,
Ajay,,anuj.chauhan@sparxitsolutions.com,"A2 sparx it solutions pvt lmt ",,8505892545,10000,"Credit card",,ch_16sWAyLVVYG8bw46tWGgxXuj,2015-10-05,USD,NA,NA,Completed,4111111111111111,VISA,
Frgdfd,Fdfdfd,anuj.chauhan@sparxitsolutions.com,"A2 sparx it solkutions pvt lmt ",,8505892545,10000,"Credit card",,ch_16sWEoLVVYG8bw46Zwyc7eBY,2015-10-05,USD,NA,NA,Completed,4111111111111111,VISA,
Ajay,,anuj.chauhan@sparxitsolutions.com,"anuj chauhan",,8505892545,10000,"Credit card",,ch_16sWKrLVVYG8bw46L6EPyDdu,2015-10-05,USD,NA,NA,Completed,4111111111111111,VISA,
Ajay,,anuj.chauhan@sparxitsolutions.com,"anuj chauhan",,8505892545,100000,"Credit card",,ch_16sWNELVVYG8bw46lSkEzwTQ,2015-10-05,USD,NA,NA,Completed,4111111111111111,VISA,
Ajay,,anuj.chauhan@sparxitsolutions.com,"anuj chauhan",,8505892545,10000,"Credit card",,ch_16sWStLVVYG8bw46ytLctPEY,2015-10-05,USD,NA,NA,Completed,4111111111111111,VISA,
Rahul,Singh,anuj.chauhan@sparxitsolutions.com,"A2 sparx it solutions pvt lmt ",,8505892545,10000,"Credit card",,ch_16sWUHLVVYG8bw46XZvHMrst,2015-10-05,USD,NA,NA,Completed,4111111111111111,VISA,
Anuj,Chauhan,anuj.chauhan@sparxitsolutions.com,"a2 sparxitsolutions pvt lmt ",,8505892545,1000,"Credit card",,ch_16sWhvLVVYG8bw46fDUZCVsK,2015-10-05,USD,NA,NA,Completed,4111111111111111,VISA,
Anuj,Chauhan,anuj.chauhan@sparxitsolutions.com,"A2 sparx it solutions pvt lmt ",,8505892545,10000,"Credit card",,ch_16sX16LVVYG8bw46ukrkh5HB,2015-10-05,USD,NA,NA,Completed,4111111111111111,VISA,
Anuj,Chauhan,anuj.chauhan@sparxitsolutions.com,"A2 sparx it solutions pvt lmt ",,8505892545,10000,"Credit card",,ch_16sX2uLVVYG8bw46YTlwYChU,2015-10-05,AUD,NA,NA,Completed,4111111111111111,VISA,
ANUJ,CHAUHAN,anuj.chauhan@sparxitsolutions.com,"A2 sparx it solutions pvt lmt ",,8505892545,1000,"Credit card",,ch_16sXYYLVVYG8bw46qFXEnIUf,2015-10-05,USD,NA,NA,Completed,4111111111111111,VISA,
Anuj,Chauhan111,anuj.chauhan@sparxitsolutions.com,"A2 sparx it solutions pvt lmt ",,8505892545,1000,"Credit card",,ch_16soCWLVVYG8bw46mv89GopJ,2015-10-06,USD,NA,NA,Completed,"4111111111111111              ",VISA,
ANUJ,Chauhan,anuj.chauhan@sparxitsolutions.com,A2,,8505892545,10000,"Credit card",,ch_16soEgLVVYG8bw46wAnmC28e,2015-10-06,USD,NA,NA,Completed,4111111111111111,VISA,
Anuj,Chauhan,anuj.chauhan@sparxitsolutions.com,asdsd,,8505892545,10000,"Credit card",,ch_16soPULVVYG8bw46fpBuBhG3,2015-10-06,USD,NA,NA,Completed,4111111111111111,VISA,
Anuj,Chauhan,anuj.chauhan@sparxitsolutions.com,"A2 sparx it solutions pvt ",,8505892545,51,"Credit card",,ch_16sp0gLVVYG8bw467ytBjfCi,2015-10-06,USD,NA,NA,Completed,4111111111111111,VISA,
Anuj,Chauhan,anuj.chauhan@sparxitsolutions.com,"A2 sparx it solutions pvt lmt ",,8505892545,1000,"Credit card",,ch_16spJiLVVYG8bw46zHLWHKtX,2015-10-06,USD,NA,NA,Completed,4111111111111111,VISA,
Dsfdf,CHAUHAN,anuj.chauhan@sparxitsolutions.com,Asfdsds,,8505892545,1000,"Credit card",,ch_16spVaLVVYG8bw463jUFnSsq,2015-10-06,USD,NA,NA,Completed,4111111111111111,VISA,
Anuj,Chauhan,anuj.chauhan@sparxitsolutions.com,A2,,8505892545,1000,"Credit card",,ch_16spXlLVVYG8bw46i8VuNlYG,2015-10-06,USD,NA,NA,Completed,4111111111111111,VISA,
ANUJ,Chauhan,anuj.chauhan@sparxitsolutions.com,a,,8505892545,21121,"Credit card",,ch_16spZtLVVYG8bw46DiVBZkPx,2015-10-06,USD,NA,NA,Completed,4111111111111111,VISA,
Anuj,Chauhan,anuj.chauhan@sparxitsolutions.com,"A2 sparx it solutions ",,8505892545,526,"Credit card",,ch_16spcFLVVYG8bw46CPiXKlcI,2015-10-06,USD,NA,NA,Completed,4111111111111111,VISA,
Anuj,Chauhan,anuj.chauhan@sparxitsolutions.com,"A2 sparx it solutions ",,8505892545,526.25,"Credit card",,ch_16spdXLVVYG8bw46T2mddmNE,2015-10-06,USD,NA,NA,Completed,4111111111111111,VISA,
Anuj,Chauhan,anuj@gmail.com,A2,,8505892545,10,"Credit card",,ch_16spexLVVYG8bw4628gWeaTn,2015-10-06,USD,NA,NA,Completed,4111111111111111,VISA,
Anuj,Chauhan,anuj.chauhan@sparxitsolutions.com,A2,,8505892545,26,"Credit card",,ch_16spglLVVYG8bw46Irm4KKYk,2015-10-06,USD,NA,NA,Completed,4111111111111111,VISA,
Anuj,Chauhan,anuj.chauhan@sparxitsolutions.com,sdsd,,8505892545,26,"Credit card",,ch_16spnHLVVYG8bw463rZhFvEb,2015-10-06,USD,NA,NA,Completed,4111111111111111,VISA,
Anuj,Chauhan,anuj.chauhan@sparxitsolutions.com,"A2 sparx it solutions ",,8505892545,10,"Credit card",,ch_16sppbLVVYG8bw46SMjn4kVC,2015-10-06,GBP,NA,NA,Completed,4111111111111111,VISA,
Anuj,Chauhan,anuj.chauhan@sparxitsolutions.com,"a2 SPARX IT ",,8505892545,40,"Credit card",,ch_16spvzLVVYG8bw46Q1lJ5r6J,2015-10-06,INR,NA,NA,Completed,4111111111111111,VISA,
ANUJ,CHAUHAN,anuj.chauhan@sparxitsolutions.com,"a2 SPARX IT SOLUTIONS PVT LMT ",,8505892545,22,"Credit card",,ch_16sqGtLVVYG8bw46d7LxLsVw,2015-10-06,USD,NA,NA,Completed,4111111111111111,VISA,
Anuj,Chauhan,anuj.chauhan@sparxitsolutions.com,"A2 sparx it solutions ",,8505892545,10,"Credit card",,ch_16sqvgLVVYG8bw46bfY9JsGZ,2015-10-06,USD,NA,NA,Completed,4111111111111111,VISA,
Rahul,Tyagi,anuj.chauhan@sparxitsolutions.com,"A2 sparx it solutions ",,8505892545,10,"Credit card",,ch_16sr1KLVVYG8bw464OcqNGav,2015-10-06,USD,"N / A","N / A",terminé,4111111111111111,VISA,
Sanjay,Tyagi,anuj.chauhan@sparxitsolutions.com,"A2 sparx it solutions pvt lmt ","this is test mesg",8505892545,10,"Credit card",,6UV56143SS713941X,2015-10-06,USD,NA,NA,Completed,4111111111111111,VISA,
"Anuj ",Chauhan,anuj.chauhan@sparxitsolutions.com,"A2 sparx it solutions pvt lmt ","this test ",8505892545,10,"Banking Transfer",,NA,2015-10-06,USD,NA,NA,Pending,NA,NA,
Raman,Singh,anuj.chauhan@sparxitsolutions.com,"a2 SPARX IT SOLUTIONS PVT LMT ","THIS IS TEST ",8505892545,10,"Credit card",,77R05518PW769282J,2015-10-06,USD,NA,NA,Completed,4111111111111111,VISA,
Anuj,Chauhan,anuj.chauhan@sparxitsolutions.com,"A2 sparx it solutions pvt lmt ","this is test ",8505892545,20,"Credit card",,5WE66533TJ093992R,2015-10-06,USD,NA,NA,Completed,4111111111111111,VISA,
"Sachin ",Singh,anuj.chauhan@sparxitsolutions.com,"A2 sparx it solutions pvt lmt ","this is additional note ",8505892545,10,"Credit card",,17119698LA708974K,2015-10-07,USD,NA,NA,Completed,4111111111111111,VISA,
Anuj,Chauhan,anuj.chauhan@sparxitsolutions.com,"A2 sparx it solutiions pvt lmt ","this is additional note ",8505892545,10,"Banking Transfer",,NA,2015-10-07,USD,NA,NA,Pending,NA,NA,
ANUJ,Chauhan,anuj.chauhan@sparxitsolutions.com,"A2 sparx it soluitons ",,8505892545,10,"Credit card",,ch_16tAOqLVVYG8bw46vLCuPfeR,2015-10-07,USD,NA,NA,Completed,4111111111111111,VISA,
Anuj,Cahuhan,anuj.chauhan@sparxitsolutions.com,"A2 sparx it solutions pvt lmt ",,8505892545,24,"Credit card",,ch_16tAaBLVVYG8bw46s67b2MPZ,2015-10-07,USD,NA,NA,Completed,4111111111111111,VISA,
Anuj,Chauhan,anuj.chauhan@sparxitsolutions.com,"a2 SPARX IT SOLUTIONS ",,8505892545,24,"Credit card",,ch_16tAbBLVVYG8bw46uMR0jbCk,2015-10-07,USD,NA,NA,Completed,4111111111111111,VISA,
ANUJ,Chauhan,anuj.chauhan@sparxitsolutions.com,"a2 SPARX IT SOLUTIONS PVT LMT ",,8505892545,24,"Credit card",,ch_16tAdQLVVYG8bw4687nkYBrr,2015-10-07,USD,NA,NA,Completed,4111111111111111,VISA,
ANUJ,CHAUHAN,anuj.chauhan@sparxitsolutions.com,"a2 SPARX IT SOLUTIONS ","THIS IS TEST NODE ",8505892545,10,"Credit card",,7CU41713U6417932L,2015-10-07,USD,NA,NA,Completed,4111111111111111,VISA,
Anuj,Chauhan,anuj.chauhan@sparxitsolutions.com,a2,"TESTING ",8505892545,10,"Banking Transfer",,NA,2015-10-07,USD,NA,NA,Pending,NA,NA,
Anuj,Cahuhan,anuj.chauhan@sparxitsolutions.com,"A2 sparx it solutions ",,8505892545,10,"Credit card",,ch_16tBU3LVVYG8bw463aklNNIC,2015-10-07,USD,NA,NA,Completed,4111111111111111,VISA,
Anuj,Chauhan,anuj.chauhan@sparxitsolutions.com,A2,"thisnis testing ",8505892545,10,"Banking Transfer",,NA,2015-10-07,USD,NA,NA,Pending,NA,NA,
Anuj,Chauhan,anuj.chauhan@sparxitsolutions.com,A2,,8505892545,10,"Credit card",,ch_16tBbOLVVYG8bw46Wsy92lqc,2015-10-07,USD,NA,NA,Completed,4111111111111111,VISA,
Anuj,Chauhan,anuj.chauhan@sparxitsolutions.com,"A2 saprx it solutions ","testing purpose ",8505892545,10,"Credit card",,0YL35182JJ401733W,2015-10-07,USD,NA,NA,Completed,4111111111111111,VISA,
Vidya,Balan,anuj.chauhan@gmail.com,"testing ","going on to the place ",8505892545,20,"Credit card",,5YH51537M83319218,2015-10-13,USD,NA,NA,Completed,4111111111111111,VISA,
Dfdfdf,Dfdfdfdf,anuj.chauhan@gmail.com,"testing docs ",chgecking,8505892545,22,"Credit card",,8JR95387C0069103P,2015-10-13,USD,"N / A","N / A",terminé,4111111111111111,VISA,
Naina,Singh,anuj.chauhan@gmnail.com,testing,"A2 sparx ",8505892545,22,"tarjeta de crédito",,5WS40451C6660963K,2015-10-13,USD,"N / A","N / A",terminé,4111111111111111,VISA,
"Amit Verma",Verma,amit.kumar@sparxitsolutions.com,"A-2 Noida",fsdfsdf,9555648474,10,"Banking Transfer",,NA,2016-12-14,USD,NA,NA,Pending,NA,NA,
"Amit Verma",Verma,amit.kumar@sparxitsolutions.com,"A-2 Noida",dsf,9555648474,10,"Banking Transfer",,NA,2016-12-14,USD,NA,NA,Pending,NA,NA,
"Amit Verma",Verma,amit.kumar@sparxitsolutions.com,"A-2 Noida",dfgd,9555648474,10,"Banking Transfer",,NA,2017-04-18,USD,NA,NA,Pending,NA,NA,
Amit,Verma,amit.kumar@sparxitsolutions.com,"A-2 Noida",,9555648474,10,"Credit card",,ch_1A9pMPLVVYG8bw4662aPh0Fw,2017-04-18,USD,NA,NA,Completed,4111111111111111,VISA,
"Amit Verma",Verma,amit.kumar@sparxitsolutions.com,"A-2 Noida",sdfsdf,9555648474,45.00,Paypal,,3PV35192DK8985105,2017-04-18,USD,NA,NA,Completed,NA,NA,
"Amit Verma",Verma,amit.kumar@sparxitsolutions.com,"A-2 Noida",zfsdf,9555648474,10,"Credit card",,2JL40826H8907401V,2017-04-18,USD,NA,NA,Completed,4032035686303777,VISA,
"Amit Verma",Verma,amit.kumar@sparxitsolutions.com,"A-2 Noida",tesr,9555648474,18,"Credit card",,4EK89036P7960115W,2017-04-18,USD,NA,NA,Completed,4032035686303777,VISA,
"Amit Verma",Verma,amit.kumar@sparxitsolutions.com,"A-2 Noida",sdfsdf,9555648474,10,"Credit card",,0R2029608M236454H,2017-04-18,USD,NA,NA,Completed,4032035686303777,VISA,
"Amit Verma",Verma,amit.kumar@sparxitsolutions.com,"A-2 Noida",asd,9555648474,10,"Credit card",,8DK47431R8606312B,2017-04-18,USD,NA,NA,Completed,4032035686303777,VISA,
"Amit Verma",Verma,amit.kumar@sparxitsolutions.com,"A-2 Noida",xcvcxv,9555648474,10,"Credit card",,0D175225TD655005M,2017-04-18,USD,NA,NA,Completed,4032035686303777,VISA,
"Amit Verma",Verma,amit.kumar@sparxitsolutions.com,"A-2 Noida",zc,9555648474,10,"Credit card",,0X15841198742190T,2017-04-18,USD,NA,NA,Completed,4032035686303777,VISA,
"Amit Verma",Verma,amit.kumar@sparxitsolutions.com,"A-2 Noida",test,9555648474,10,"Credit card",,5CE55080KB151630S,2017-04-18,USD,NA,NA,Completed,4032035686303777,VISA,
"Amit Verma",Verma,amit.kumar@sparxitsolutions.com,"A-2 Noida",test,9555648474,10,"Credit card",,37P1567258440600N,2017-04-18,USD,NA,NA,Completed,4032035686303777,VISA,
